<!--
MIT License

Copyright (c) 2020 Vikram K. Mulligan, Center for Computational Biology,
Flatiron Institute.

Permission is hereby granted, free of charge, to any person obtaining a copy
of this software and associated documentation files (the "Software"), to deal
in the Software without restriction, including without limitation the rights
to use, copy, modify, merge, publish, distribute, sublicense, and/or sell
copies of the Software, and to permit persons to whom the Software is
furnished to do so, subject to the following conditions:

The above copyright notice and this permission notice shall be included in all
copies or substantial portions of the Software.

THE SOFTWARE IS PROVIDED "AS IS", WITHOUT WARRANTY OF ANY KIND, EXPRESS OR
IMPLIED, INCLUDING BUT NOT LIMITED TO THE WARRANTIES OF MERCHANTABILITY,
FITNESS FOR A PARTICULAR PURPOSE AND NONINFRINGEMENT. IN NO EVENT SHALL THE
AUTHORS OR COPYRIGHT HOLDERS BE LIABLE FOR ANY CLAIM, DAMAGES OR OTHER
LIABILITY, WHETHER IN AN ACTION OF CONTRACT, TORT OR OTHERWISE, ARISING FROM,
OUT OF OR IN CONNECTION WITH THE SOFTWARE OR THE USE OR OTHER DEALINGS IN THE
SOFTWARE.
-->

<ROSETTASCRIPTS>
        # This script takes as input the 4EXS structure with a 2-residue peptide in the
        # active site and extends it to generate an 8-residue peptide, in an open
        # conformation.  It uses generalized kinematic closure to close the peptide, forming
        # an N-to-C peptide macrocycle.  It then designs the sequence of the peptide, and
        # applies various filters.  If filters pass, it proceeds to carry out a Monte Carlo
        # search of local conformation space, designing at each step, to try to improve the
        # shape complementarity.
        # 
        # This script was updated for the Rosetta version that was current as of 20 May 2020
        # (Git SHA1 cb360c57ed4ba63d45678afba4bf6a39d8dd958d).  Weekly releases after this
        # point, and Rosetta 3.13, will be able to run it.  This version differs from the
        # version used in 2016 to generate the initial designs insofar as the newer, more
        # efficient hydrogen bond counter is used, the cyclization constraints have been
        # replaced with the chainbreak energy term and cutpoint variants, and the updated,
        # simpler, and less error-prone interface for noncanonical design has been used.  For
        # the original version (to exactly reproduce the 2016 protocol with 2016 releases of
        # Rosetta), see section 2.2.2.
 
    # In the SCOREFXNS section, we define scoring functions used for design and energy
    # minimization.
    <SCOREFXNS>
        # A basic scoring function, with an added penalty discouraging sequences that promote
        # formation of aspartimide byproducts during peptide synthesis.  Note that at the time
        # this script was written, the energy function used was a beta version of the energy
        # function called “beta_nov15”.  It has since been renamed “ref2015”, and is the
        # current default energy function in newer versions of Rosetta:
        <ScoreFunction name="r15" weights="ref2015.wts" >
            <Reweight scoretype="aspartimide_penalty" weight="1.0" />
        </ScoreFunction>
 
        # A basic scoring function, with an added penalty discouraging sequences that promote
        # formation of aspartimide byproducts during peptide synthesis.  This version also
        # activates geometric constraint terms and upweights the chainbreak term:
        <ScoreFunction name="r15_cst" weights="ref2015_cst.wts" >
            <Reweight scoretype="chainbreak" weight="40.0" />
            <Reweight scoretype="aspartimide_penalty" weight="1.0" />
        </ScoreFunction>
 
        # A variation on the constrained scoring function with the aspartimide penalty term
        # activated and hydrogen bonding, electrostatic, and chainbreak terms upweighted:
        <ScoreFunction name="r15_highhbond_cst" weights="ref2015_cst.wts" >
            <Reweight scoretype="chainbreak" weight="40.0" />
            <Reweight scoretype="aspartimide_penalty" weight="1.0" />
            <Reweight scoretype="hbond_sr_bb" weight="10.0" />
            <Reweight scoretype="hbond_lr_bb" weight="10.0" />
            <Reweight scoretype="hbond_bb_sc" weight="5.0" />
            <Reweight scoretype="hbond_sc" weight="3.0" />
            <Reweight scoretype="fa_elec" weight="2.0" />
        </ScoreFunction>
 
    </SCOREFXNS>
 
    # The RESIDUE_SELECTORS section establishes residue selectors, which are rules for
    # selecting a subset of a structure for other modules to operate upon.
    <RESIDUE_SELECTORS>
        # These residue selectors select the peptide, the original stub residues, or just the
        # D-cysteine residue in the stub:
        <Index name="select_peptide" resnums="234-241" />
        <Index name="select_stub" resnums="237-238" />
        <Index name="select_stub_dcys" resnums="237" />
 
        # Select the start and end residues of the peptide: 
        <Index name="select_pep_start" resnums="234" />
        <Index name="select_pep_end" resnums="241" />
 
    </RESIDUE_SELECTORS>
 
    # The PACKER_PALETTES section defines palettes of amino acid types that will be used for
    # design by default.  Our default palette should include D-amino acids.
    <PACKER_PALETTES>
        # The CustomBaseTypePackerPalette defines the canonical amino acids as types that will
        # be used by default, and allows the user to add additional types.  We will add the D-
        # amino acid mirror images of the canonical amino acids.
        CustomBaseTypePackerPalette name="design_palette"
            additional_residue_types="DALA,DASP,DGLU,DPHE,DHIS,DILE,DLYS,DLEU,DMET,DASN,DPRO,DGLN,DARG,DSER,DTHR,DVAL,DTRP,DTYR"
        />
    </PACKER_PALETTES>
 
    # The TASKOPERATIONS section defines task operations, which are rules for controlling the
    # Rosetta packer.  The Rosetta packer optimizes side chain rotamers and carries out sequence
    # design, so task operations define design problems.
    <TASKOPERATIONS>
    </TASKOPERATIONS>
 
    # The FILTERS section defines Rosetta filters, which are Rosetta algorithms to analyze a
    # structure, measure properties of that structure, and accept or reject that structure
    # based on the measured properties:
    <FILTERS>
        # This filter is used in early stages to discard sampled peptide conformations in
        # which molecular geometry clashes egregiously with the target:
        <ScoreType name="low_stringency_clash" scorefxn="r15" score_type="fa_rep"
            threshold="400"
        />
 
        # Rosetta’s pairwise-decomposable scoring function is unable to detect cases in which
        # three or more hydrogen bond donors all donate to the same acceptor.  This filter
        # detects and eliminates this pathology:
        <OversaturatedHbondAcceptorFilter name="oversat" scorefxn="r15"
            max_allowed_oversaturated="0" consider_mainchain_only="false"
        />
 
        # Count internal backbone-backbone hydrogen bonds, excluding hydrogen bonds between
        # adjacent residues, and discard structures with fewer than 3 internal hydrogen bonds.
        # Note that this filter, which is simpler to configure and faster to evaluate, was not
        # available in earlier releases of Rosetta:
        <PeptideInternalHbondsFilter name="total_hbonds" hbond_cutoff="3"
            exclusion_distance="1" residue_selector="select_peptide"
        /> 
 
    </FILTERS>
 
    # The MOVERS section sets up movers, which operate on a structure to alter it in some way.
    # Some sample conformations, others design sequences, others carry out energy
    # minimization, etc.
    <MOVERS>
        # The PeptideStubMover appends or prepends residues to an existing structure.
        <PeptideStubMover name="extend" >
            <Prepend anchor_rsd="234" resname="GLY" />
            <Prepend anchor_rsd="234" resname="GLY" />
            <Prepend anchor_rsd="234" resname="GLY" />
            <Append anchor_rsd="238" resname="GLY" />
            <Append anchor_rsd="239" resname="GLY" />
            <Append anchor_rsd="240" resname="GLY" />
        </PeptideStubMover>
 
        # The AtomTree mover sets up the fold tree, which defines the kinematic relationships
        # between different parts of a structure:
        <AtomTree name="foldtree1" fold_tree_file="inputs/foldtree1.txt" />
 
        # This SetTorsion mover is used to initialize the torsions for the dihedral angles at
        # the start and end of the D-cysteine-L-proline stub.  It sets these to ideal values
        # and then adds a small random perturbation.  It also ensures that all omega angles
        # are 180 degrees.
        <SetTorsion name="initialize_tors">
            <Torsion residue="234" torsion_name="omega" angle="180.0" />
            <Torsion residue="235" torsion_name="omega" angle="180.0" />
            <Torsion residue="236" torsion_name="omega" angle="180.0" />
            <Torsion residue="237" torsion_name="phi"   angle="60.0" />
            <Torsion residue="237" torsion_name="phi"   angle="perturb"
                perturbation_type="gaussian" perturbation_magnitude="30.0"
            />
            <Torsion residue="237" torsion_name="psi"   angle="perturb" 
                perturbation_type="gaussian" perturbation_magnitude="5.0"
            />
            <Torsion residue="237" torsion_name="omega" angle="perturb"
                perturbation_type="gaussian" perturbation_magnitude="5.0"
            />
            <Torsion residue="238" torsion_name="phi"   angle="perturb"
                perturbation_type="gaussian" perturbation_magnitude="5.0"
            />
            <Torsion residue="238" torsion_name="psi"   angle="-10.0" />
            <Torsion residue="238" torsion_name="psi"   angle="perturb"
                perturbation_type="gaussian" perturbation_magnitude="30.0"
            />
            <Torsion residue="238" torsion_name="omega" angle="180.0" />
            <Torsion residue="239" torsion_name="omega" angle="180.0" />
            <Torsion residue="240" torsion_name="omega" angle="180.0" />
        </SetTorsion>
 
        # This SetTorsion mover adds a smaller random perturbation to all backbone degrees of
        # freedom of the stub:
        <SetTorsion name="perturb_tors">
            <Torsion residue="237" torsion_name="phi"   angle="perturb"
                perturbation_type="gaussian" perturbation_magnitude="5.0"
            />
            <Torsion residue="237" torsion_name="psi"   angle="perturb"
                perturbation_type="gaussian" perturbation_magnitude="1.0"
            />
            <Torsion residue="237" torsion_name="omega" angle="perturb" 
                perturbation_type="gaussian" perturbation_magnitude="1.0"
            />
            <Torsion residue="238" torsion_name="phi"   angle="perturb"
                perturbation_type="gaussian" perturbation_magnitude="1.0"
            />
            <Torsion residue="238" torsion_name="psi"   angle="perturb" 
                perturbation_type="gaussian" perturbation_magnitude="5.0"
            />
            <Torsion residue="238" torsion_name="omega" angle="perturb"
                perturbation_type="gaussian" perturbation_magnitude="1.0"
            />
        </SetTorsion>
 
        # This mover adds a chemical bond between the first and last residues of the peptide.
        # It has the side-effect of correcting the placement of oxygen and hydrogen atoms
        # flanking the amide bond, and so is used repeatedly to update these placements.
        # Note that this is less likely in more recent versions of Rosetta, since the
        # cutpoint variant types have been updated to ensure that hydrogen and oxygen
        # placement remains reasonable at cutpoints during minimization:
        <DeclareBond name="connect_termini" atom1="N" res1="234" atom2="C" res2="241" 
            add_termini="true"
        />
 
        # Add cutpoint variants to the cyclization point in the peptide.  The cutpoint variant
        # works with the chainbreak scoring term to ensure that good amide bond geometry is
        # maintained during energy minimization:
        <ModifyVariantType name="add_cutpoint_upper_pep" add_type="CUTPOINT_UPPER"
            residue_selector="select_pep_start"
        />
        <ModifyVariantType name="add_cutpoint_lower_pep" add_type="CUTPOINT_LOWER"
            residue_selector="select_pep_end"
        /> 
 
        # A ParsedProtocol encapsulates many previously-defined movers and/or filters into a
        # single mover.  This instance defines a series of steps carried out for every
        # solution found by the initial generalized kinematic closure attempts to close the
        # peptide. These steps include filtering based on total hydrogen bonds, presence of
        # oversaturated acceptors, and clashes, design and minimization, additional filtering,
        # and a more expensive FastDesign round if minimal shape complementarity requirements
        # are met after the low-cost steps carried out thus far.  The pattern is to go from
        # inexpensive to expensive computations, deciding whether to discard the attempt or to
        # continue after each step:
        <ParsedProtocol name="genkic_steps">
            <Add filter="oversat" />
            <Add filter="total_hbonds" />
            <Add filter="low_stringency_clash" />
        </ParsedProtocol>
 
        # Generalized kinematic closure (GeneralizedKIC) allows efficient sampling of the
        # closed conformations of a chain of atoms, with rapid solution of a series of
        # equations to determine values of certain degrees of freedom in order to keep the 
        # chain closed. This instance is configured to perform the initial closure of the
        # peptide macrocycle. For each closed conformation sampled, the steps listed in the
        # previous ParsedProtocol mover are carried out, and the conformation iis accepted
        # if and only if all steps pass:
        <GeneralizedKIC name="genkic" closure_attempts="100"
            pre_selection_mover="genkic_steps"
            stop_when_n_solutions_found="1" selector="lowest_energy_selector"
            selector_scorefunction="r15_highhbond_cst"
        >
            <AddResidue res_index="239" />
            <AddResidue res_index="240" />
            <AddResidue res_index="241" />
            <AddResidue res_index="234" />
            <AddResidue res_index="235" />
            <AddResidue res_index="236" />
            <SetPivots res1="239" res2="234" res3="236" atom1="CA" atom2="CA" atom3="CA" />
            <CloseBond atom1="C" res1="241" atom2="N" res2="234" torsion="180"
                bondlength="1.328685" angle1="116.2" angle2="121.7"
            />
            <AddPerturber effect="randomize_alpha_backbone_by_rama" >
                <AddResidue index="234" />
                <AddResidue index="235" />
                <AddResidue index="236" />
                <AddResidue index="239" />
                <AddResidue index="240" />
                <AddResidue index="241" />
            </AddPerturber>
        </GeneralizedKIC>
 
    </MOVERS>
 
    # The PROTOCOLS section strings together previously-defined movers and filters to
    # construct an overall protocol.  Our overall protocol is to initialize the structure
    # and add cutpoint variant types, perform an initial closure of the macrocycle in which
    # an initial sequence is designed, then carry out a Monte Carlo search of the local
    # conformational space, redesigning the macrocycle sequence at each step.  Final
    # relaxation and filtering to measure shape complementarity complete the protocol.
    <PROTOCOLS>
        <Add mover="extend" />
        <Add mover="foldtree1" />
        <Add mover="initialize_tors" />
        <Add mover="connect_termini" />
        <Add mover="add_cutpoint_upper_pep" />
        <Add mover="add_cutpoint_lower_pep" />
        <Add mover="genkic" />
    </PROTOCOLS>
 
    # The OUTPUT section defines the scoring function that will be used to produce the final
    # score for the structure.
    <OUTPUT scorefxn="r15" />
</ROSETTASCRIPTS>
